Product_Name,Hist_Avg,Hist_Max
Bread Roll Pack,116.88311688311688,219
Butter Cookies 75g,110.50588235294117,185
Chocolate Bar 50g,104.32098765432099,208
Herbal Tea Bag,106.62025316455696,183
Instant Coffee Stick,105.0632911392405,207
Juice 200ml,160.73170731707316,306
Mixed Nuts 30g,108.10958904109589,185
Snack Box Economy,119.43373493975903,245
Sparkling Water 330ml,154.7792207792208,287
Still Water 500ml,168.93421052631578,298
